{"cameraMode":{"drawMode":0,"name":"Shaded","section":"Shading Mode"},"sceneLighting":false,"audioPlay":false,"sceneViewState":{"showFog":false,"showMaterialUpdate":false,"showSkybox":false,"showFlares":false,"showImageEffects":false,"showParticleSystems":false},"in2DMode":false,"pivot":{"x":-0.28570836782455447,"y":1.737985372543335,"z":7.497848987579346},"rotation":{"x":0.12029333412647248,"y":-0.17005617916584016,"z":0.020887374877929689,"w":0.9778416156768799},"size":6.884860038757324,"orthographic":true}