{"cameraMode":{"drawMode":0,"name":"Shaded","section":"Shading Mode"},"sceneLighting":false,"audioPlay":false,"sceneViewState":{"showFog":false,"showMaterialUpdate":false,"showSkybox":false,"showFlares":false,"showImageEffects":false,"showParticleSystems":false},"in2DMode":false,"pivot":{"x":-0.7405399084091187,"y":2.125519037246704,"z":7.989726543426514},"rotation":{"x":-0.01408784557133913,"y":0.045296624302864078,"z":0.0006064476328901947,"w":0.9988740682601929},"size":6.8470778465271,"orthographic":true}