{"cameraMode":{"drawMode":0,"name":"Shaded","section":"Shading Mode"},"sceneLighting":false,"audioPlay":false,"sceneViewState":{"showFog":false,"showMaterialUpdate":false,"showSkybox":false,"showFlares":false,"showImageEffects":false,"showParticleSystems":false},"in2DMode":false,"pivot":{"x":0.4008653461933136,"y":0.8016993403434753,"z":0.2345961630344391},"rotation":{"x":0.3085891008377075,"y":-0.39725470542907717,"z":0.14380909502506257,"w":0.852220892906189},"size":1.5601744651794434,"orthographic":true}