{"cameraMode":{"drawMode":0,"name":"Shaded","section":"Shading Mode"},"sceneLighting":false,"audioPlay":false,"sceneViewState":{"showFog":false,"showMaterialUpdate":false,"showSkybox":false,"showFlares":false,"showImageEffects":false,"showParticleSystems":false},"in2DMode":false,"pivot":{"x":-0.038159508258104327,"y":2.0580952167510988,"z":4.993283271789551},"rotation":{"x":-0.04857712611556053,"y":0.2435293048620224,"z":0.012179055251181126,"w":0.9685997366905212},"size":7.744850158691406,"orthographic":true}