{"cameraMode":{"drawMode":0,"name":"Shaded","section":"Shading Mode"},"sceneLighting":false,"audioPlay":false,"sceneViewState":{"showFog":false,"showMaterialUpdate":false,"showSkybox":false,"showFlares":false,"showImageEffects":false,"showParticleSystems":false},"in2DMode":false,"pivot":{"x":-0.038159508258104327,"y":2.0580952167510988,"z":4.993283271789551},"rotation":{"x":0.11959299445152283,"y":0.12801159918308259,"z":-0.01558543648570776,"w":0.9844123721122742},"size":5.883293151855469,"orthographic":true}