{"cameraMode":{"drawMode":0,"name":"Shaded","section":"Shading Mode"},"sceneLighting":false,"audioPlay":false,"sceneViewState":{"showFog":false,"showMaterialUpdate":false,"showSkybox":false,"showFlares":false,"showImageEffects":false,"showParticleSystems":false},"in2DMode":false,"pivot":{"x":-0.038159508258104327,"y":2.0580952167510988,"z":4.993283271789551},"rotation":{"x":-0.05201132223010063,"y":0.1996796578168869,"z":0.010580572299659253,"w":0.9784227013587952},"size":5.543124675750732,"orthographic":true}