{"cameraMode":{"drawMode":0,"name":"Shaded","section":"Shading Mode"},"sceneLighting":false,"audioPlay":false,"sceneViewState":{"showFog":false,"showMaterialUpdate":false,"showSkybox":false,"showFlares":false,"showImageEffects":false,"showParticleSystems":false},"in2DMode":false,"pivot":{"x":0.4008653461933136,"y":0.8016993403434753,"z":0.2345961630344391},"rotation":{"x":0.22471493482589723,"y":-0.13512302935123444,"z":0.031449493020772937,"w":0.9644977450370789},"size":15.348170280456543,"orthographic":true}