{"cameraMode":{"drawMode":0,"name":"Shaded","section":"Shading Mode"},"sceneLighting":false,"audioPlay":false,"sceneViewState":{"showFog":false,"showMaterialUpdate":false,"showSkybox":false,"showFlares":false,"showImageEffects":false,"showParticleSystems":false},"in2DMode":false,"pivot":{"x":-0.038159508258104327,"y":2.0580952167510988,"z":4.993283271789551},"rotation":{"x":0.02638779953122139,"y":0.02280603162944317,"z":-0.0006355030927807093,"w":0.9993914365768433},"size":12.627111434936524,"orthographic":true}